<?xml version="1.0" encoding="ISO-8859-15" standalone="no"?><uc-export clientvers="11.2.0-dev+main.build.2327">
<FolderStruct>
<includeExternalObjects>0</includeExternalObjects>
<FOLD name="PCK.AUTOMIC_SELENIUM" title="">
<VARA id="1101594" link="0" name="PCK.AUTOMIC_SELENIUM.PUB.VAR.METADATA"/>
<FOLD name="ACTIONS" title="">
<FOLD name="SELENIUM" title="">
<JOBP id="1101602" link="1" name="PCK.AUTOMIC_SELENIUM.PUB.ACTION.RUN_TEST_SUITE"/>
</FOLD>
</FOLD>
<FOLD name="CONFIG" title="">
<VARA id="1101612" link="0" name="PCK.AUTOMIC_SELENIUIM.PUB.PROMPT_EXTERNAL_MAP"/>
</FOLD>
<FOLD name="DOCUMENTATION" title="">
<DOCU id="1101614" link="0" name="PCK.AUTOMIC_SELENIUM.PUB.DOC"/>
<DOCU id="1101615" link="0" name="PCK.AUTOMIC_SELENIUM.PUB.LICENSES"/>
</FOLD>
<FOLD name="SOURCE" title="">
<FOLD name="RUN_TEST_SUITE" title="">
<JOBP id="1101602" link="0" name="PCK.AUTOMIC_SELENIUM.PUB.ACTION.RUN_TEST_SUITE"/>
<FOLD name="INTERNAL" title="">
<FOLD name="JOBS" title="">
<JOBS_WINDOWS id="1101599" link="0" name="PCK.AUTOMIC_SELENIUM.PRV.JOB.RUN_TEST_SUITE@WINDOWS"/>
</FOLD>
<FOLD name="PROMPTSETS" title="">
<PRPT id="1101601" link="0" name="PCK.AUTOMIC_SELENIUM.PRV.PROMPTSET.RUN_TEST_SUITE"/>
</FOLD>
</FOLD>
</FOLD>
<FOLD name="SHARED" title="">
<FOLD name="INCLUDES" title="">
<JOBI id="1101605" link="0" name="PCK.AUTOMIC_SELENIUM.PUB.INCLUDE.CHANGE_SLASH"/>
<JOBI id="1101606" link="0" name="PCK.AUTOMIC_SELENIUM.PUB.INCLUDE.CHECK_CMD_RETCODE"/>
<JOBI id="1101607" link="0" name="PCK.AUTOMIC_SELENIUM.PUB.INCLUDE.CHECK_DIR_FILE_EXIST"/>
<JOBI id="1101608" link="0" name="PCK.AUTOMIC_SELENIUM.PUB.INCLUDE.ESCAPE_ARG_VALUE"/>
<JOBI id="1101609" link="0" name="PCK.AUTOMIC_SELENIUM.PUB.INCLUDE.PARSE_RESULT"/>
<JOBI id="1101610" link="0" name="PCK.AUTOMIC_SELENIUM.PUB.INCLUDE.READ_FILE"/>
</FOLD>
</FOLD>
</FOLD>
</FOLD>
</FolderStruct>
<VARA OVD_VRName="FREI" data_type="STATIC" name="PCK.AUTOMIC_SELENIUM.PUB.VAR.METADATA" replacementmode="2">
<HEADER state="1">
<Title/>
<ArchiveKey1/>
<ArchiveKey2/>
<OH_SubType>STATIC</OH_SubType>
</HEADER>
<ATTR_VARA state="1">
<Type>C|Text</Type>
<lblSource>Static</lblSource>
<source>STATIC</source>
<VRName>FREI|Freely selected</VRName>
<NotFoundErr>0</NotFoundErr>
<NotFoundDef>1</NotFoundDef>
<ShareN>0</ShareN>
<ShareL>0</ShareL>
<ShareR>0</ShareR>
<MaxValue_C>1024</MaxValue_C>
<CheckMax_C>0</CheckMax_C>
<uppercase>0</uppercase>
<sortColumn>0</sortColumn>
<sortDirection>0</sortDirection>
</ATTR_VARA>
<VARA state="1">
<Variables>
<row Name="Categories" Value="Selenium Integration" Value1="" Value2="" Value3="" Value4=""/>
<row Name="Company" Value="Automic Software GmbH" Value1="" Value2="" Value3="" Value4=""/>
<row Name="Dependencies" Value="PCK.ITPA_SHARED ~&gt; 1.1" Value1="" Value2="" Value3="" Value4=""/>
<row Name="Description" Value="Provides integration with Selenium" Value1="" Value2="" Value3="" Value4=""/>
<row Name="Homepage" Value="www.automic.com" Value1="" Value2="" Value3="" Value4=""/>
<row Name="License" Value="Automic License" Value1="" Value2="" Value3="" Value4=""/>
<row Name="Name" Value="PCK.AUTOMIC_SELENIUM" Value1="" Value2="" Value3="" Value4=""/>
<row Name="Package Format Version" Value="0.1.0" Value1="" Value2="" Value3="" Value4=""/>
<row Name="Title" Value="Selenium Package" Value1="" Value2="" Value3="" Value4=""/>
<row Name="Version" Value="1.0.0" Value1="" Value2="" Value3="" Value4=""/>
<row Name="Build Number" Value="980" Value1="" Value2="" Value3="" Value4=""/>
<row Name="Revision" Value="0550560" Value1="" Value2="" Value3="" Value4=""/></Variables>
</VARA>
<DOCU_Docu state="1" type="text">
<DOC/>
</DOCU_Docu>
</VARA>
<VARA OVD_VRName="FREI" data_type="STATIC" name="PCK.AUTOMIC_SELENIUIM.PUB.PROMPT_EXTERNAL_MAP" replacementmode="2">
<HEADER state="1">
<Title>External mapping for all the actions</Title>
<ArchiveKey1/>
<ArchiveKey2/>
<OH_SubType>STATIC</OH_SubType>
</HEADER>
<ATTR_VARA state="1">
<Type>C|Text</Type>
<lblSource>Static</lblSource>
<source>STATIC</source>
<VRName>FREI|Freely selected</VRName>
<NotFoundErr>0</NotFoundErr>
<NotFoundDef>1</NotFoundDef>
<ShareN>0</ShareN>
<ShareL>0</ShareL>
<ShareR>0</ShareR>
<MaxValue_C>1024</MaxValue_C>
<CheckMax_C>0</CheckMax_C>
<uppercase>0</uppercase>
<sortColumn>0</sortColumn>
<sortDirection>0</sortDirection>
</ATTR_VARA>
<VARA state="1">
<Variables>
<row Name="PCK.AUTOMIC_SELENIUM.PUB.ACTION.RUN_TEST_SUITE/AGENT#" Value="&amp;AGENT#" Value1="" Value2="" Value3="" Value4=""/>
<row Name="PCK.AUTOMIC_SELENIUM.PUB.ACTION.RUN_TEST_SUITE/LOGIN#" Value="&amp;LOGIN#" Value1="" Value2="" Value3="" Value4=""/>
</Variables>
</VARA>
<DOCU_Docu state="1" type="text">
<DOC/>
</DOCU_Docu>
</VARA>
<DOCU name="PCK.AUTOMIC_SELENIUM.PUB.DOC">
<HEADER state="1">
<Title>Package documentation</Title>
<ArchiveKey1/>
<ArchiveKey2/>
<OH_SubType/>
</HEADER>
<DOCU_Docu state="1" type="text">
<DOC><![CDATA[About Automic's Selenium Package
================================
Selenium is a portable software testing framework for web applications. It is a set of different software tools each with a different approach to supporting test automation.
This package provides the following functionality:
* Run test suite : to run a single test suite with as many test files.

=Supported versions=
Selenium Server Standalone 2.53
 
=Limitations=
(none)

=Setup=
* Oracle JDK 1.7 or higher must be installed on Agent OS and "java" must be set as executable on the same.

* The Agent should have the selenium standalone server jar.

* To run the suite file, both suite and related html/htm/xhtml should be available on the agent machine.

=Actions=

Following actions are supported:

* Action Name: PCK.AUTOMIC_SELENIUM.PUB.ACTION.RUN_TEST_SUITE
* Action Description: This action is used to run a test suite on the specified browser. You can also provide any combination of advance options mentioned below in the "Advanced Options" field.]]></DOC>
</DOCU_Docu>
</DOCU>
<DOCU name="PCK.AUTOMIC_SELENIUM.PUB.LICENSES">
<HEADER state="1">
<Title>License documentation</Title>
<ArchiveKey1/>
<ArchiveKey2/>
<OH_SubType/>
</HEADER>
<DOCU_Docu state="1" type="text">
<DOC/>
</DOCU_Docu>
</DOCU>
<JOBP AllowExternal="1" name="PCK.AUTOMIC_SELENIUM.PUB.ACTION.RUN_TEST_SUITE">
<XHEADER state="1">
<Title>Run a test suite</Title>
<ArchiveKey1/>
<ArchiveKey2/>
<Active>1</Active>
<OH_SubType/>
<CustomAttributes KeyListID="0" dataRequestID="0"/>
</XHEADER>
<SYNCREF state="1">
<Syncs/>
</SYNCREF>
<ATTR_JOBP state="1">
<Queue>CLIENT_QUEUE</Queue>
<ChildQueue/>
<StartType/>
<ExtRepDef>1</ExtRepDef>
<ExtRepAll>0</ExtRepAll>
<ExtRepNone>0</ExtRepNone>
<IntAccount/>
<AutoDeactNo>0</AutoDeactNo>
<AutoDeact1ErrorFree>0</AutoDeact1ErrorFree>
<AutoDeactErrorFree>1</AutoDeactErrorFree>
<DeactWhen>ANY_OK</DeactWhen>
<AutoDeactAlways>0</AutoDeactAlways>
<DeactDelay>0</DeactDelay>
<ActAtRun>1</ActAtRun>
<UC4Priority>0</UC4Priority>
<MaxParallel2>0</MaxParallel2>
<ReuseHG>1</ReuseHG>
<MpElse1>1</MpElse1>
<MpElse2>0</MpElse2>
<TZ/>
<RWhen/>
<RExecute/>
<JPA_SubType/>
</ATTR_JOBP>
<JOBP state="1">
<JobpStruct mode="design">
<task Alias="" BranchType="0" Col="1" Lnr="1" OType="&lt;START&gt;" Object="START" ParentAlias="" ParentObject="" Row="1" Text2="">
<checkpoint RollbackFlag="0" RunPerPatch="0" RunPerTarget="0" TcpADays="0" TcpATime="00:00" TcpATimeTZ="" TcpExecute="" TcpOn="0" promptatgen="0" showprompt="0"/>
<after ActFlg="1" AtimOn="0" ErlstStDays="0" ErlstStTime="00:00" ErlstStTimeTZ="" HoldFlg="0"/>
<when ChkWhenExec="0" LtstEnd="0" LtstEndDays="0" LtstEndTime="00:00" LtstSt="0" LtstStDays="0" LtstStTime="00:00" LtstTimeTZ="" WCTypeAND="1" WCTypeOR="0" WElseA="0" WElseH="0" WElseS="1" WElseX="0" WhenExecute="" WtimOn="0"/>
<preconditions>
<PreCon>
<conditions id="CONDITIONS"/>
</PreCon>
</preconditions>
<predecessors/>
<runtime MrtCancel="0" MrtDays="0" MrtErt="0" MrtExecute="0" MrtExecuteObj="" MrtFix="0" MrtMethodDate="0" MrtMethodErt="0" MrtMethodFix="0" MrtMethodNone="1" MrtOn="1" MrtTZ="" MrtTime="00:00" SrtErt="0" SrtFix="0" SrtMethodErt="0" SrtMethodFix="0" SrtMethodNone="1"/>
<result ChkRExec="0" RElseHalt="0" RElseIgn="0" RElseJPAbend="0" RExecFlag="0" RExecute="" RRepMTimes="0" RRepOn="0" RRepWait="0" RWhen=""/>
<dynvalues>
<dyntree>
<node content="1" id="PCK.AUTOMIC_SELENIUM.PRV.PROMPTSET.RUN_TEST_SUITE" name="PCK.AUTOMIC_SELENIUM.PRV.PROMPTSET.RUN_TEST_SUITE" parent="PPRPTS" type="PPROMPTSET">
<PROMPTSET name="PCK.AUTOMIC_SELENIUM.PRV.PROMPTSET.RUN_TEST_SUITE">
<PRPTBOX promptset="PCK.AUTOMIC_SELENIUM.PRV.PROMPTSET.RUN_TEST_SUITE">
<UC4RB_SLM_AUT_URLs.00 ReadFromTable="OPSE" altview="0" haslist="0" msginsert="" msgnr="" promptname="UC4RB_SLM_AUT_URL#" promptsetname="PCK.AUTOMIC_SELENIUM.PRV.PROMPTSET.RUN_TEST_SUITE"/>
<UC4RB_SLM_BROWSERs.00 ReadFromTable="OPSE" altview="0" haslist="0" msginsert="" msgnr="" promptname="UC4RB_SLM_BROWSER#" promptsetname="PCK.AUTOMIC_SELENIUM.PRV.PROMPTSET.RUN_TEST_SUITE">*firefox</UC4RB_SLM_BROWSERs.00>
<UC4RB_SLM_OPTIONSs.00 ReadFromTable="OPSE" altview="0" haslist="0" msginsert="" msgnr="" promptname="UC4RB_SLM_OPTIONS#" promptsetname="PCK.AUTOMIC_SELENIUM.PRV.PROMPTSET.RUN_TEST_SUITE"/>
<UC4RB_SLM_RESULT_FILEs.00 ReadFromTable="OPSE" altview="0" haslist="0" msginsert="" msgnr="" promptname="UC4RB_SLM_RESULT_FILE#" promptsetname="PCK.AUTOMIC_SELENIUM.PRV.PROMPTSET.RUN_TEST_SUITE"/>
<UC4RB_SLM_SERVER_FILEs.00 ReadFromTable="OPSE" altview="0" haslist="0" msginsert="" msgnr="" promptname="UC4RB_SLM_SERVER_FILE#" promptsetname="PCK.AUTOMIC_SELENIUM.PRV.PROMPTSET.RUN_TEST_SUITE"/>
<UC4RB_SLM_SUITE_FILEs.00 ReadFromTable="OPSE" altview="0" haslist="0" msginsert="" msgnr="" promptname="UC4RB_SLM_SUITE_FILE#" promptsetname="PCK.AUTOMIC_SELENIUM.PRV.PROMPTSET.RUN_TEST_SUITE"/>
</PRPTBOX>
</PROMPTSET>
</node>
<node content="1" id="PCK.ITPA_SHARED.PRV.PROMPTSET.OVERWRITE_AGENT" name="PCK.ITPA_SHARED.PRV.PROMPTSET.OVERWRITE_AGENT" parent="PPRPTS" type="PPROMPTSET">
<PROMPTSET name="PCK.ITPA_SHARED.PRV.PROMPTSET.OVERWRITE_AGENT">
<PRPTBOX promptset="PCK.ITPA_SHARED.PRV.PROMPTSET.OVERWRITE_AGENT">
<AGENTs.00 ReadFromTable="OPUD" altview="1" haslist="0" msginsert="" msgnr="" promptname="AGENT#" promptsetname="PCK.ITPA_SHARED.PRV.PROMPTSET.OVERWRITE_AGENT">&amp;AGENT#</AGENTs.00>
<LOGINs.00 ReadFromTable="OPUD" altview="1" haslist="0" msginsert="" msgnr="" promptname="LOGIN#" promptsetname="PCK.ITPA_SHARED.PRV.PROMPTSET.OVERWRITE_AGENT">&amp;LOGIN#</LOGINs.00>
</PRPTBOX>
</PROMPTSET>
</node>
</dyntree>
</dynvalues>
<CIT/>
<calendars CCTypeAll="0" CCTypeExt="0" CCTypeNone="0" CCTypeOne="1" CaleOn="0"/>
<postconditions>
<PostCon>
<conditions id="CONDITIONS"/>
</PostCon>
</postconditions>
</task>
<task Alias="RUN_TEST_SUITE" BranchType="0" Col="2" Lnr="2" OType="JOBS" Object="PCK.AUTOMIC_SELENIUM.PRV.JOB.RUN_TEST_SUITE@WINDOWS" ParentAlias="" ParentObject="" Row="1" Text2="">
<checkpoint RollbackFlag="1" RunPerPatch="0" RunPerTarget="0" TcpADays="0" TcpATime="00:00" TcpATimeTZ="" TcpExecute="" TcpOn="0" promptatgen="0" showprompt="0"/>
<after ActFlg="1" AtimOn="0" ErlstStDays="0" ErlstStTime="00:00" ErlstStTimeTZ="" HoldFlg="0"/>
<when ChkWhenExec="0" LtstEnd="0" LtstEndDays="0" LtstEndTime="00:00" LtstSt="0" LtstStDays="0" LtstStTime="00:00" LtstTimeTZ="" WCTypeAND="1" WCTypeOR="0" WElseA="1" WElseH="0" WElseS="0" WElseX="0" WhenExecute="" WtimOn="0"/>
<preconditions>
<PreCon>
<conditions id="CONDITIONS"/>
</PreCon>
</preconditions>
<predecessors>
<pre BranchType="0" Lnr="1" PreLnr="1" When="ANY_OK" type="container"/>
</predecessors>
<runtime MrtCancel="0" MrtDays="0" MrtErt="0" MrtExecute="0" MrtExecuteObj="" MrtFix="0" MrtMethodDate="0" MrtMethodErt="0" MrtMethodFix="0" MrtMethodNone="1" MrtOn="1" MrtTZ="" MrtTime="00:00" SrtErt="0" SrtFix="0" SrtMethodErt="0" SrtMethodFix="0" SrtMethodNone="1"/>
<result ChkRExec="0" RElseHalt="1" RElseIgn="0" RElseJPAbend="0" RExecFlag="0" RExecute="" RRepMTimes="0" RRepOn="0" RRepWait="0" RWhen=""/>
<dynvalues>
<dyntree>
<node content="1" id="VALUE" name="Variables" parent="" type="TASKVALUE">
<VALUE state="2">
<Values/>
<Mode>0</Mode>
</VALUE>
</node>
<node content="1" id="PVALUE" name="Parent Variables" parent="" type="TASKVALUE">
<VALUE state="2">
<Values/>
<Mode>1</Mode>
</VALUE>
</node>
<node content="1" id="PRPTS" name="PromptSets" parent="" pref="1" type="PROMPTSET"/>
<node content="0" id="PPRPTS" name="Parent PromptSets" parent="" type="PPROMPTSET"/>
<node content="1" id="PCK.AUTOMIC_SELENIUM.PRV.PROMPTSET.RUN_TEST_SUITE" name="PCK.AUTOMIC_SELENIUM.PRV.PROMPTSET.RUN_TEST_SUITE" parent="PPRPTS" type="PPROMPTSET">
<PROMPTSET name="PCK.AUTOMIC_SELENIUM.PRV.PROMPTSET.RUN_TEST_SUITE">
<PRPTBOX promptset="PCK.AUTOMIC_SELENIUM.PRV.PROMPTSET.RUN_TEST_SUITE">
<UC4RB_SLM_AUT_URLs.00 ReadFromTable="OPSE" altview="0" haslist="0" msginsert="" msgnr="" promptname="UC4RB_SLM_AUT_URL#" promptsetname="PCK.AUTOMIC_SELENIUM.PRV.PROMPTSET.RUN_TEST_SUITE"/>
<UC4RB_SLM_BROWSERs.00 ReadFromTable="OPSE" altview="0" haslist="0" msginsert="" msgnr="" promptname="UC4RB_SLM_BROWSER#" promptsetname="PCK.AUTOMIC_SELENIUM.PRV.PROMPTSET.RUN_TEST_SUITE">*firefox</UC4RB_SLM_BROWSERs.00>
<UC4RB_SLM_OPTIONSs.00 ReadFromTable="OPSE" altview="0" haslist="0" msginsert="" msgnr="" promptname="UC4RB_SLM_OPTIONS#" promptsetname="PCK.AUTOMIC_SELENIUM.PRV.PROMPTSET.RUN_TEST_SUITE"/>
<UC4RB_SLM_RESULT_FILEs.00 ReadFromTable="OPSE" altview="0" haslist="0" msginsert="" msgnr="" promptname="UC4RB_SLM_RESULT_FILE#" promptsetname="PCK.AUTOMIC_SELENIUM.PRV.PROMPTSET.RUN_TEST_SUITE"/>
<UC4RB_SLM_SERVER_FILEs.00 ReadFromTable="OPSE" altview="0" haslist="0" msginsert="" msgnr="" promptname="UC4RB_SLM_SERVER_FILE#" promptsetname="PCK.AUTOMIC_SELENIUM.PRV.PROMPTSET.RUN_TEST_SUITE"/>
<UC4RB_SLM_SUITE_FILEs.00 ReadFromTable="OPSE" altview="0" haslist="0" msginsert="" msgnr="" promptname="UC4RB_SLM_SUITE_FILE#" promptsetname="PCK.AUTOMIC_SELENIUM.PRV.PROMPTSET.RUN_TEST_SUITE"/>
</PRPTBOX>
</PROMPTSET>
</node>
<node content="1" id="PCK.ITPA_SHARED.PRV.PROMPTSET.OVERWRITE_AGENT" name="PCK.ITPA_SHARED.PRV.PROMPTSET.OVERWRITE_AGENT" parent="PPRPTS" type="PPROMPTSET">
<PROMPTSET name="PCK.ITPA_SHARED.PRV.PROMPTSET.OVERWRITE_AGENT">
<PRPTBOX promptset="PCK.ITPA_SHARED.PRV.PROMPTSET.OVERWRITE_AGENT">
<AGENTs.00 ReadFromTable="OPUD" altview="1" haslist="0" msginsert="" msgnr="" promptname="AGENT#" promptsetname="PCK.ITPA_SHARED.PRV.PROMPTSET.OVERWRITE_AGENT">&amp;AGENT#</AGENTs.00>
<LOGINs.00 ReadFromTable="OPUD" altview="1" haslist="0" msginsert="" msgnr="" promptname="LOGIN#" promptsetname="PCK.ITPA_SHARED.PRV.PROMPTSET.OVERWRITE_AGENT">&amp;LOGIN#</LOGINs.00>
</PRPTBOX>
</PROMPTSET>
</node>
</dyntree>
</dynvalues>
<CIT/>
<calendars CCTypeAll="0" CCTypeExt="0" CCTypeNone="0" CCTypeOne="1" CaleOn="0"/>
<postconditions>
<PostCon>
<conditions id="CONDITIONS"/>
</PostCon>
</postconditions>
</task>
<task Alias="" BranchType="0" Col="3" Lnr="3" OType="&lt;END&gt;" Object="END" ParentAlias="" ParentObject="" Row="1" Text2="">
<checkpoint RollbackFlag="1" RunPerPatch="0" RunPerTarget="0" TcpADays="0" TcpATime="00:00" TcpATimeTZ="" TcpExecute="" TcpOn="0" promptatgen="0" showprompt="0"/>
<after ActFlg="1" AtimOn="0" ErlstStDays="0" ErlstStTime="00:00" ErlstStTimeTZ="" HoldFlg="0"/>
<when ChkWhenExec="0" LtstEnd="0" LtstEndDays="0" LtstEndTime="00:00" LtstSt="0" LtstStDays="0" LtstStTime="00:00" LtstTimeTZ="" WCTypeAND="1" WCTypeOR="0" WElseA="1" WElseH="0" WElseS="0" WElseX="0" WhenExecute="" WtimOn="0"/>
<preconditions>
<PreCon>
<conditions id="CONDITIONS"/>
</PreCon>
</preconditions>
<predecessors>
<pre BranchType="0" Lnr="1" PreLnr="2" When="ANY_OK" type="container"/>
</predecessors>
<runtime MrtCancel="0" MrtDays="0" MrtErt="0" MrtExecute="0" MrtExecuteObj="" MrtFix="0" MrtMethodDate="0" MrtMethodErt="0" MrtMethodFix="0" MrtMethodNone="1" MrtOn="1" MrtTZ="" MrtTime="00:00" SrtErt="0" SrtFix="0" SrtMethodErt="0" SrtMethodFix="0" SrtMethodNone="1"/>
<result ChkRExec="0" RElseHalt="0" RElseIgn="0" RElseJPAbend="0" RExecFlag="0" RExecute="" RRepMTimes="0" RRepOn="0" RRepWait="0" RWhen=""/>
<dynvalues>
<dyntree>
<node content="1" id="PCK.AUTOMIC_SELENIUM.PRV.PROMPTSET.RUN_TEST_SUITE" name="PCK.AUTOMIC_SELENIUM.PRV.PROMPTSET.RUN_TEST_SUITE" parent="PPRPTS" type="PPROMPTSET">
<PROMPTSET name="PCK.AUTOMIC_SELENIUM.PRV.PROMPTSET.RUN_TEST_SUITE">
<PRPTBOX promptset="PCK.AUTOMIC_SELENIUM.PRV.PROMPTSET.RUN_TEST_SUITE">
<UC4RB_SLM_AUT_URLs.00 ReadFromTable="OPSE" altview="0" haslist="0" msginsert="" msgnr="" promptname="UC4RB_SLM_AUT_URL#" promptsetname="PCK.AUTOMIC_SELENIUM.PRV.PROMPTSET.RUN_TEST_SUITE"/>
<UC4RB_SLM_BROWSERs.00 ReadFromTable="OPSE" altview="0" haslist="0" msginsert="" msgnr="" promptname="UC4RB_SLM_BROWSER#" promptsetname="PCK.AUTOMIC_SELENIUM.PRV.PROMPTSET.RUN_TEST_SUITE">*firefox</UC4RB_SLM_BROWSERs.00>
<UC4RB_SLM_OPTIONSs.00 ReadFromTable="OPSE" altview="0" haslist="0" msginsert="" msgnr="" promptname="UC4RB_SLM_OPTIONS#" promptsetname="PCK.AUTOMIC_SELENIUM.PRV.PROMPTSET.RUN_TEST_SUITE"/>
<UC4RB_SLM_RESULT_FILEs.00 ReadFromTable="OPSE" altview="0" haslist="0" msginsert="" msgnr="" promptname="UC4RB_SLM_RESULT_FILE#" promptsetname="PCK.AUTOMIC_SELENIUM.PRV.PROMPTSET.RUN_TEST_SUITE"/>
<UC4RB_SLM_SERVER_FILEs.00 ReadFromTable="OPSE" altview="0" haslist="0" msginsert="" msgnr="" promptname="UC4RB_SLM_SERVER_FILE#" promptsetname="PCK.AUTOMIC_SELENIUM.PRV.PROMPTSET.RUN_TEST_SUITE"/>
<UC4RB_SLM_SUITE_FILEs.00 ReadFromTable="OPSE" altview="0" haslist="0" msginsert="" msgnr="" promptname="UC4RB_SLM_SUITE_FILE#" promptsetname="PCK.AUTOMIC_SELENIUM.PRV.PROMPTSET.RUN_TEST_SUITE"/>
</PRPTBOX>
</PROMPTSET>
</node>
<node content="1" id="PCK.ITPA_SHARED.PRV.PROMPTSET.OVERWRITE_AGENT" name="PCK.ITPA_SHARED.PRV.PROMPTSET.OVERWRITE_AGENT" parent="PPRPTS" type="PPROMPTSET">
<PROMPTSET name="PCK.ITPA_SHARED.PRV.PROMPTSET.OVERWRITE_AGENT">
<PRPTBOX promptset="PCK.ITPA_SHARED.PRV.PROMPTSET.OVERWRITE_AGENT">
<AGENTs.00 ReadFromTable="OPUD" altview="1" haslist="0" msginsert="" msgnr="" promptname="AGENT#" promptsetname="PCK.ITPA_SHARED.PRV.PROMPTSET.OVERWRITE_AGENT">&amp;AGENT#</AGENTs.00>
<LOGINs.00 ReadFromTable="OPUD" altview="1" haslist="0" msginsert="" msgnr="" promptname="LOGIN#" promptsetname="PCK.ITPA_SHARED.PRV.PROMPTSET.OVERWRITE_AGENT">&amp;LOGIN#</LOGINs.00>
</PRPTBOX>
</PROMPTSET>
</node>
</dyntree>
</dynvalues>
<CIT/>
<calendars CCTypeAll="0" CCTypeExt="0" CCTypeNone="0" CCTypeOne="1" CaleOn="0"/>
<postconditions>
<PostCon>
<conditions id="CONDITIONS"/>
</PostCon>
</postconditions>
</task>
<OPTIONS/>
</JobpStruct>
</JOBP>
<RUNTIME state="1">
<MaxRetCode>0</MaxRetCode>
<MrcExecute/>
<MrcElseE>0</MrcElseE>
<FcstStatus>0| |</FcstStatus>
<Ert>0</Ert>
<ErtMethodDef>1</ErtMethodDef>
<ErtMethodFix>0</ErtMethodFix>
<ErtFix>0</ErtFix>
<ErtDynMethod>2|Average</ErtDynMethod>
<ErtMethodDyn>0</ErtMethodDyn>
<ErtCnt>0</ErtCnt>
<ErtCorr>0</ErtCorr>
<ErtIgn>0</ErtIgn>
<ErtIgnFlg>0</ErtIgnFlg>
<ErtMinCnt>0</ErtMinCnt>
<MrtMethodNone>1</MrtMethodNone>
<MrtMethodFix>0</MrtMethodFix>
<MrtFix>0</MrtFix>
<MrtMethodErt>0</MrtMethodErt>
<MrtErt>0</MrtErt>
<MrtMethodDate>0</MrtMethodDate>
<MrtDays>0</MrtDays>
<MrtTime>00:00</MrtTime>
<MrtTZ/>
<SrtMethodNone>1</SrtMethodNone>
<SrtMethodFix>0</SrtMethodFix>
<SrtFix>0</SrtFix>
<SrtMethodErt>0</SrtMethodErt>
<SrtErt>0</SrtErt>
<MrtCancel>0</MrtCancel>
<MrtExecute>0</MrtExecute>
<MrtExecuteObj/>
</RUNTIME>
<DYNVALUES state="1">
<dyntree>
<node content="1" id="VALUE" name="Variables" parent="" type="VALUE">
<VALUE state="1">
<Values/>
<Mode>1</Mode>
</VALUE>
</node>
<node content="1" id="PCK.AUTOMIC_SELENIUM.PRV.PROMPTSET.RUN_TEST_SUITE" name="PCK.AUTOMIC_SELENIUM.PRV.PROMPTSET.RUN_TEST_SUITE" parent="PRPTS" type="PROMPTSET">
<PROMPTSET name="PCK.AUTOMIC_SELENIUM.PRV.PROMPTSET.RUN_TEST_SUITE" ontop="1">
<PRPTBOX promptset="PCK.AUTOMIC_SELENIUM.PRV.PROMPTSET.RUN_TEST_SUITE" prptmode="1"/>
</PROMPTSET>
</node>
<node content="1" id="PCK.ITPA_SHARED.PRV.PROMPTSET.OVERWRITE_AGENT" name="PCK.ITPA_SHARED.PRV.PROMPTSET.OVERWRITE_AGENT" parent="PRPTS" type="PROMPTSET">
<PROMPTSET name="PCK.ITPA_SHARED.PRV.PROMPTSET.OVERWRITE_AGENT" ontop="1">
<PRPTBOX promptset="PCK.ITPA_SHARED.PRV.PROMPTSET.OVERWRITE_AGENT" prptmode="1">
<AGENTs.00 altview="1" haslist="0">&amp;AGENT#</AGENTs.00>
<LOGINs.00 altview="1" haslist="0">&amp;LOGIN#</LOGINs.00>
</PRPTBOX>
</PROMPTSET>
</node>
</dyntree>
</DYNVALUES>
<DEPLOYMENT state="1">
<DeploymentFlag>0</DeploymentFlag>
<WFTypeA>1</WFTypeA>
<WFTypeC>0</WFTypeC>
<AppName/>
<WFName/>
<ComponentName/>
</DEPLOYMENT>
<ROLLBACK state="1">
<RollbackFlag>0</RollbackFlag>
<CBackupObj/>
<CRollbackObj/>
<FBackupPath/>
<FDeleteBefore>0</FDeleteBefore>
<FInclSubDirs>0</FInclSubDirs>
</ROLLBACK>
<SCRIPT mode="1" state="1">
<MSCRI/>
</SCRIPT>
<DOCU_Docu state="1" type="text">
<DOC><![CDATA[= Action name =
PCK.AUTOMIC_SELENIUM.PUB.ACTION.RUN_TEST_SUITE

= General description =
This action is used to run a test suite on the specified browser. User needs to provide atleast the Selenium server path, Test Suite file and Application URL to run a test suite. You can also provide any combination of advance options mentioned below in the "Advanced Options" field.

This action activates "show on desktop" implicitly.

Advanced Options (selenium-server-standalone-2.53): 

-port <nnnn>				: the port number the selenium server should use (default 4444).
-timeout <nnnn>				: an integer number of seconds we should allow a client to be idle.
-browserTimeout <nnnn>			: an integer number of seconds a browser is allowed to hang.
-singleWindow				: puts you into a mode where the test web site executes in a frame. This mode should only be selected if the application under test does not use frames.
-profilesLocation			: Specifies the directory that holds the profiles that java clients can use to start up selenium. Currently supported for Firefox only.
-forcedBrowserMode <browser>		: sets the browser mode to a single argument (e.g. "*iexplore") for all sessions, no matter what is passed to getNewBrowserSession.
-forcedBrowserModeRestOfLine <browser>	: sets the browser mode to all the remaining tokens on the line (e.g. "*custom/some/random/place/iexplore.exe") for all sessions, no matter what is passed to getNewBrowserSession.
-userExtensions <file>			: indicates a JavaScript file that will be loaded into selenium.
-browserSessionReuse			: stops re-initialization and spawning of the browser between tests.
-avoidProxy				: By default, we proxy every browser request; set this flag to make the browser use our proxy only for URLs containing '/selenium-server'
-firefoxProfileTemplate <dir>		: normally, we generate a fresh empty Firefox profile every time we launch. You can specify a directory to make us copy your profile directory instead.
-debug					: puts you into debug mode, with more trace information and diagnostics on the console 
-browserSideLog				: enables logging on the browser side; logging messages will be transmitted to the server. This can affect performance.
-ensureCleanSession			: If the browser does not have user profiles, make sure every new session has no artifacts from previous sessions. For example, enabling this option will cause all user cookies to be archived before launching IE, and restored after IE is closed.
-trustAllSSLCertificates		: Forces the Selenium proxy to trust all SSL certificates. This doesn't work in browsers that don't use the Selenium proxy.
-log <logFileName>			: writes lots of debug information out to a log file and disables logging to console.
-logLongForm				: writes information out to console in long format (for debugging purpose).
-proxyInjectionMode			: puts you into proxy injection mode, a mode where the selenium server acts as a proxy server for all content going to the test application. Under this mode, multiple domains can be visited, and the following additional flags are supported:
	-dontInjectRegex <regex>			: an optional regular expression that proxy injection mode can use to know when to bypss injection.
	-userJsInjection <file>				: specifies a JavaScript file which will then be injected into all pages.
	-userContentTransformation <regex> <replacement>: a regular expression which is matched against all test HTML content; the second is a string which will replace matches. These flags can be used any number of times. A simple example of how this could be useful: if you add "-userContentTransformation https http" then all "https" strings in the HTML of the test application will be changed to be "http".

Supported browsers include:
  *firefoxchrome, *konqueror, *chrome, *safari, *piiexplore, *googlechrome, *firefox, *pifirefox, *iexploreproxy, *iehta, *firefoxproxy, *safariproxy, *iexplore, *mock, *webdriver, *custom

Examples for usage of "Advanced options" :
* If the user wants to run the test in the debug mode and set the timeout as 60 seconds : -debug -timeout 60
* If the user wants to write the log information into a file(C:\temp\logs.txt) and change the port 	: -log C:\temp\logs.txt -port 4445

Note : 
* "Selenium server file" should be a jar file
* "Test suite file" and "Test result file" file should be either of : html, htm, xhtml
* If the test cases within the suite fails during execution, the action will not fail.
* If the "Test result file" exists on the given path, this action will overwrite the file.

= Failure Conditions =
* If user provides a test suite file with extension other than .html or .htm or .xhtml.
* If the user provides an html file which is not a test suite, the action will not be able to proceed further and the action will fail after 30mins (default value of timeout) with the error 'SeleniumCommandTimedOutException'. 

= Inputs =
* Selenium server path		: Provide path and file name to the Selenium standalone server. E.g. E:\automic\selenium-server-standalone-2.53.1.jar
* Test suite file		: Name of the suite file with full path. E.g. E:\automic\suite.html
* Test result file 		: Name of the result file with full path. E:\automic\result.html.  If not specified then it will be created inside agent OS temp directory and publish the same <UC4RB_SLM_RESULT_FILE_PATH>.
* Application URL		: URL to the application under test. E.g. http://www.google.com
* Browser			: Name of the browser in which you want to run test suite. It is case-sensitive. Default value is *firefox. E.g. *googlechrome, *iexplore, *safari 
* Advanced options		: Provide additional options for this test execution. E.g. -timeout 60 -log "E:\automic\selenium\log.txt"
* Overwrite Agent		: Overwrites the default agent
* Overwrite Login		: Overwrites the default login

= Behavior =
(none)

= Return Value =
* UC4RB_SLM_RESULT_FILE_PATH 	: Test result file path on agent machine
* UC4RB_SLM_TOTAL_TEST_CASES 	: Total number of test cases executed in a suite
* UC4RB_SLM_PASSED_CASES 	: Total number of passed cases
* UC4RB_SLM_FAILED_CASES	: Total number of failed cases

= Outputs =
* Return code is 0 in case of success.
* Return code is non zero in case of failure.

= Rollback =
(none)

= Logging =
AE logs will be displayed in the AE report.

= Example =
(none)]]></DOC>
</DOCU_Docu>
</JOBP>
<JOBS_WINDOWS AttrType="WINDOWS" name="PCK.AUTOMIC_SELENIUM.PRV.JOB.RUN_TEST_SUITE@WINDOWS">
<XHEADER state="1">
<Title>Run test suite</Title>
<ArchiveKey1/>
<ArchiveKey2/>
<Active>1</Active>
<OH_SubType/>
<CustomAttributes KeyListID="0" dataRequestID="0"/>
</XHEADER>
<OUTPUTREG state="1">
<FileReg/>
</OUTPUTREG>
<SYNCREF state="1">
<Syncs/>
</SYNCREF>
<ATTR_JOBS state="1">
<Queue>CLIENT_QUEUE</Queue>
<StartType/>
<HostDst>|&lt;WIN&gt;|HOST</HostDst>
<HostATTR_Type>WINDOWS</HostATTR_Type>
<CodeName/>
<Login/>
<IntAccount/>
<ExtRepDef>1</ExtRepDef>
<ExtRepAll>0</ExtRepAll>
<ExtRepNone>0</ExtRepNone>
<AutoDeactNo>0</AutoDeactNo>
<AutoDeact1ErrorFree>0</AutoDeact1ErrorFree>
<AutoDeactErrorFree>0</AutoDeactErrorFree>
<DeactWhen/>
<DeactDelay>0</DeactDelay>
<AutoDeactAlways>1</AutoDeactAlways>
<AttDialog>0</AttDialog>
<ActAtRun>0</ActAtRun>
<Consumption>0</Consumption>
<UC4Priority>0</UC4Priority>
<MaxParallel2>0</MaxParallel2>
<MpElse1>1</MpElse1>
<MpElse2>0</MpElse2>
<TZ/>
</ATTR_JOBS>
<ATTR_WINDOWS state="1">
<OutputDb>1</OutputDb>
<OutputDbErr>0</OutputDbErr>
<OutputFile>0</OutputFile>
<IsGenerated>0</IsGenerated>
<BAT>1</BAT>
<COM>0</COM>
<WinBatch>0</WinBatch>
<Standard>1</Standard>
<Minimized>0</Minimized>
<Maximized>0</Maximized>
<JObjDefault>1</JObjDefault>
<JObjYes>0</JObjYes>
<JObjNo>0</JObjNo>
<WorkingDirectory>c:\</WorkingDirectory>
<Command/>
<LogOn>0</LogOn>
<ShowJob>1</ShowJob>
</ATTR_WINDOWS>
<RUNTIME state="1">
<MaxRetCode>0</MaxRetCode>
<MrcExecute/>
<MrcElseE>0</MrcElseE>
<FcstStatus>0| |</FcstStatus>
<Ert>0</Ert>
<ErtMethodDef>1</ErtMethodDef>
<ErtMethodFix>0</ErtMethodFix>
<ErtFix>0</ErtFix>
<ErtDynMethod>2|Average</ErtDynMethod>
<ErtMethodDyn>0</ErtMethodDyn>
<ErtCnt>0</ErtCnt>
<ErtCorr>0</ErtCorr>
<ErtIgn>0</ErtIgn>
<ErtIgnFlg>0</ErtIgnFlg>
<ErtMinCnt>0</ErtMinCnt>
<MrtMethodNone>1</MrtMethodNone>
<MrtMethodFix>0</MrtMethodFix>
<MrtFix>0</MrtFix>
<MrtMethodErt>0</MrtMethodErt>
<MrtErt>0</MrtErt>
<MrtMethodDate>0</MrtMethodDate>
<MrtDays>0</MrtDays>
<MrtTime>00:00</MrtTime>
<MrtTZ/>
<SrtMethodNone>1</SrtMethodNone>
<SrtMethodFix>0</SrtMethodFix>
<SrtFix>0</SrtFix>
<SrtMethodErt>0</SrtMethodErt>
<SrtErt>0</SrtErt>
<MrtCancel>0</MrtCancel>
<MrtExecute>0</MrtExecute>
<MrtExecuteObj/>
</RUNTIME>
<DYNVALUES state="1">
<dyntree>
<node content="1" id="VALUE" name="Variables" parent="" type="VALUE">
<VALUE state="1">
<Values/>
<Mode>0</Mode>
</VALUE>
</node>
</dyntree>
</DYNVALUES>
<ROLLBACK state="1">
<RollbackFlag>0</RollbackFlag>
<CBackupObj/>
<CRollbackObj/>
<FBackupPath/>
<FDeleteBefore>0</FDeleteBefore>
<FInclSubDirs>0</FInclSubDirs>
</ROLLBACK>
<PRE_SCRIPT mode="1" replacementmode="1" state="1">
<PSCRI><![CDATA[:INC PCK.ITPA_SHARED.PUB.INCLUDE.START_STOP_JOB_ACCORDING_TO_AGENT_OS]]></PSCRI>
</PRE_SCRIPT>
<SCRIPT mode="1" state="1">
<MSCRI><![CDATA[@echo off
SET ERROR=0

!------------------------------------------ LOGGING INPUT PARAMETERS --------------------------------------------------------------
: INC PCK.ITPA_SHARED.PRV.INCLUDE.LOGGING.HEADER.PARAM_VALIDATION

! Selenium server path
: SET &UC4RB_LOGGING_PARAMETER# = "Selenium server path"
: SET &UC4RB_LOGGING_PARAMETER_VAL# = "&UC4RB_SLM_SERVER_FILE#"
: INC PCK.ITPA_SHARED.PRV.INCLUDE.LOGGING.PARAM

! Test suite file
: SET &UC4RB_LOGGING_PARAMETER# = "Test suite file"
: SET &UC4RB_LOGGING_PARAMETER_VAL# = "&UC4RB_SLM_SUITE_FILE#"
: INC PCK.ITPA_SHARED.PRV.INCLUDE.LOGGING.PARAM

! Test result file
: SET &UC4RB_LOGGING_PARAMETER# = "Test result file"
: SET &UC4RB_LOGGING_PARAMETER_VAL# = "&UC4RB_SLM_RESULT_FILE#"
: INC PCK.ITPA_SHARED.PRV.INCLUDE.LOGGING.PARAM

! Application URL
: SET &UC4RB_LOGGING_PARAMETER# = "Application URL"
: SET &UC4RB_LOGGING_PARAMETER_VAL# = "&UC4RB_SLM_AUT_URL#"
: INC PCK.ITPA_SHARED.PRV.INCLUDE.LOGGING.PARAM

! Browser
: SET &UC4RB_LOGGING_PARAMETER# = "Browser"
: SET &UC4RB_LOGGING_PARAMETER_VAL# = "&UC4RB_SLM_BROWSER#"
: INC PCK.ITPA_SHARED.PRV.INCLUDE.LOGGING.PARAM

! Advanced options
: SET &UC4RB_LOGGING_PARAMETER# = "Advanced options"
: SET &UC4RB_LOGGING_PARAMETER_VAL# = "&UC4RB_SLM_OPTIONS#"
: INC PCK.ITPA_SHARED.PRV.INCLUDE.LOGGING.PARAM

! logging start of execution
: INC PCK.ITPA_SHARED.PRV.INCLUDE.LOGGING.HEADER.EXECUTION

!------------------changing the directory to agent's temp directory------------------------------------------------
: SET &AGENT_TEMPDIR# = GET_VAR('UC_EX_PATH_TEMP', &AGENT#)
  cd /d "&AGENT_TEMPDIR#"
: SET &UC4RB_LOGGING_ERROR# = "Unable to change the directory to agent's temp directory"
: INC PCK.AUTOMIC_SELENIUM.PUB.INCLUDE.CHECK_CMD_RETCODE

!------------------------------------ Validation of files -----------------------------------------------------------------------------------

! ------------------ (Selenium server path)-------------------
: SET &UC4RB_ESCAPED_STRING# = &UC4RB_SLM_SERVER_FILE#
: INC PCK.AUTOMIC_SELENIUM.PUB.INCLUDE.ESCAPE_ARG_VALUE
: SET &SERVER_PATH# = &UC4RB_ESCAPED_STRING#

!check if file exists
: SET &UC4RB_FILE_PATH# = &SERVER_PATH#
: INC PCK.AUTOMIC_SELENIUM.PUB.INCLUDE.CHECK_DIR_FILE_EXIST

! -------------------- (Test suite file)------------------------
: SET &UC4RB_ESCAPED_STRING# = &UC4RB_SLM_SUITE_FILE#
: INC PCK.AUTOMIC_SELENIUM.PUB.INCLUDE.ESCAPE_ARG_VALUE
: SET &SUITE_PATH# = &UC4RB_ESCAPED_STRING#

!check if file exists
: SET &UC4RB_FILE_PATH# = &SUITE_PATH#
: INC PCK.AUTOMIC_SELENIUM.PUB.INCLUDE.CHECK_DIR_FILE_EXIST

! ---------------------(Test result file)---------------------
: IF &UC4RB_SLM_RESULT_FILE# = ""
!      getting the temp directory of agent
:      PSET &RESULT_TEMPFILE# = STR_CAT(&AGENT_TEMPDIR#,'testresult-&$RUNID#.html')
: ELSE
:      PSET &RESULT_TEMPFILE# = &UC4RB_SLM_RESULT_FILE#
: ENDIF

! getting the directory where the result file should be created
: SET &RESULT_TEMPFILE# = STR_SUB(&RESULT_TEMPFILE#, "/", "\")
: SET &POS# = STR_FIND_REVERSE(&RESULT_TEMPFILE#,"\")
: IF &POS# GT 0
:     SET &LEN# = STR_LENGTH(&RESULT_TEMPFILE#)
:     SET &POS# = &POS# - 1

!     check if the directory exist
!     escape charcters
:     SET &UC4RB_ESCAPED_STRING# = STR_CUT(&RESULT_TEMPFILE#,1,&POS#)
:     INC PCK.AUTOMIC_SELENIUM.PUB.INCLUDE.ESCAPE_ARG_VALUE
:     SET &UC4RB_FILE_PATH# = &UC4RB_ESCAPED_STRING#
:     INC PCK.AUTOMIC_SELENIUM.PUB.INCLUDE.CHECK_DIR_FILE_EXIST

: ELSE
:     STOP MSG, 51, "Invalid directory [&RESULT_TEMPFILE#]"
: ENDIF

! escaping characters
: SET &UC4RB_ESCAPED_STRING# = &RESULT_TEMPFILE#
: INC PCK.AUTOMIC_SELENIUM.PUB.INCLUDE.ESCAPE_ARG_VALUE
: SET &TEST_RESULT_FILE# = &UC4RB_ESCAPED_STRING#


! change all the "\\" to "\"
: SET &DEL_FILE# = &TEST_RESULT_FILE#
: SET &CHECK_SLASH# = 1
: WHILE &CHECK_SLASH# GT 0
:      SET &POS# = STR_FIND(&DEL_FILE#,"\\")
:      IF &POS# GT 0
:             SET &DEL_FILE# = STR_SUB(&DEL_FILE#, "\\", "\")
:      ELSE
:            SET &CHECK_SLASH#=0
:      ENDIF
: ENDWHILE

! delete the file if it already exists
  IF EXIST &DEL_FILE# (
      del &DEL_FILE#
  )
  SET ERROR=%ERRORLEVEL%

: SET &UC4RB_LOGGING_ERROR# = "Unable to delete the test result file."
: INC PCK.AUTOMIC_SELENIUM.PUB.INCLUDE.CHECK_CMD_RETCODE

!---------------------------------- Creating command to execute test suite ------------------------------

! preparing command to run a test suite
: SET &UC4RB_SLM_RUN_CMD# = "java -jar &SERVER_PATH#"

! Browser
: SET &UC4RB_ESCAPED_STRING# = &UC4RB_SLM_BROWSER#
: INC PCK.AUTOMIC_SELENIUM.PUB.INCLUDE.ESCAPE_ARG_VALUE
: SET &UC4RB_SLM_RUN_CMD# = STR_CAT(&UC4RB_SLM_RUN_CMD#, " -htmlSuite &UC4RB_ESCAPED_STRING#")

! AUT URL, Test suite file, test result file, advanced options
: SET &UC4RB_ESCAPED_STRING# = &UC4RB_SLM_AUT_URL#
: INC PCK.AUTOMIC_SELENIUM.PUB.INCLUDE.ESCAPE_ARG_VALUE
: SET &UC4RB_SLM_RUN_CMD# = STR_CAT(&UC4RB_SLM_RUN_CMD#, " &UC4RB_ESCAPED_STRING# &SUITE_PATH# &TEST_RESULT_FILE# &UC4RB_SLM_OPTIONS#")

  echo  CMDLET: &UC4RB_SLM_RUN_CMD#
  cmd /c &UC4RB_SLM_RUN_CMD#

!--------------------------------get absolute path, check error and if the result file exist------------------------
! Check if result file exist
 IF NOT EXIST &TEST_RESULT_FILE# (
     SET ERROR=1
     goto :endfile
 )

!check its size and delete the file, if there isn't any content
 For %%A in (&TEST_RESULT_FILE#) do set SIZE=%%~zA
 IF %SIZE% LEQ 0 (
     del &DEL_FILE#
     SET ERROR=1
     goto :endfile
  )

!get the absolute path
 For %%i in (&TEST_RESULT_FILE#) do set OUTPUTFILEPATH="%%~fi"
! handling charcter ^ for echo
 set _temp=%OUTPUTFILEPATH:^=^^%
 For %%i in (%_temp%) do set OUTPUTFILEPATH=%%~i
 echo UC4RB_SLM_RESULT_FILE_PATH::=%OUTPUTFILEPATH%

 :endfile

!-------------------------------------------ERROR MESSAGE-------------------------------------------------------------------------------
: SET &UC4RB_LOGGING_ERROR# = "******** RUN TEST SUITE ACTION FAILED ********"
: INC PCK.AUTOMIC_SELENIUM.PUB.INCLUDE.CHECK_CMD_RETCODE

!-------------------------------------------SUCCESS MESSAGE-------------------------------------------------------------------------------

SET ERRORLEVEL=%ERROR%
: SET &UC4RB_LOGGING_INFO# = "******** RUN TEST SUITE ACTION EXECUTED SUCCESSFULLY ********"
: INC PCK.ITPA_SHARED.PRV.INCLUDE.LOGGING.INFO]]></MSCRI>
</SCRIPT>
<OUTPUTSCAN state="1">
<Inherit>N</Inherit>
<filterobjects/>
<HostFsc/>
<LoginFsc/>
</OUTPUTSCAN>
<POST_SCRIPT mode="1" replacementmode="1" state="1">
<OSCRI><![CDATA[! Publishing output file path in case of success

:   PSET &UC4RB_SLM_RESULT_FILE_PATH# = ""
:   PSET &UC4RB_SLM_TOTAL_TEST_CASES# =""
:   PSET &UC4RB_SLM_PASSED_CASES# =""
:   PSET &UC4RB_SLM_FAILED_CASES# =""
:SET &STATUS# = GET_UC_OBJECT_STATUS(,,"RETCODE")
:IF &STATUS#  = 0
!      get the report file
:      SET &HND# = PREP_PROCESS_REPORT("JOBS",, "REP","UC4RB_SLM_RESULT_FILE_PATH*","COL=DELIMITER", 'DELIMITER=*::=*')
:      PROCESS &HND#
:             SET &KEY# = GET_PROCESS_LINE(&HND#,1)
:             SET &VALUE# = GET_PROCESS_LINE(&HND#,2)
:             IF &KEY# = "UC4RB_SLM_RESULT_FILE_PATH"
:                   SET &UC4RB_SLM_RESULT_FILE_PATH# = &VALUE#
:                   PUBLISH &UC4RB_SLM_RESULT_FILE_PATH#,,"WORKFLOW"

!                    Publishing total no. of cases, successful cases and failure cases
:                    SET &UC4RB_SLM_FILE_PATH# = &UC4RB_SLM_RESULT_FILE_PATH#
:                    INC PCK.AUTOMIC_SELENIUM.PUB.INCLUDE.READ_FILE

:                    SET &UC4RB_SLM_CONTENT# = &UC4RB_SLM_FILE_CONTENT#

!                    get total number of test cases executed
:                    SET &UC4RB_SLM_NODE# = "<td>numTestTotal:</td>"
:                    INC PCK.AUTOMIC_SELENIUM.PUB.INCLUDE.PARSE_RESULT
:                    SET &UC4RB_SLM_TOTAL_TEST_CASES# = &UC4RB_SLM_VALUE#
:                    PUBLISH &UC4RB_SLM_TOTAL_TEST_CASES#,,"WORKFLOW"

!                    get total number of cases that has passed
:                    SET &UC4RB_SLM_NODE# = "<td>numTestPasses:</td>"
:                    INC PCK.AUTOMIC_SELENIUM.PUB.INCLUDE.PARSE_RESULT
:                    SET &UC4RB_SLM_PASSED_CASES# = &UC4RB_SLM_VALUE#
:                    PUBLISH &UC4RB_SLM_PASSED_CASES#,,"WORKFLOW"

!                    get total number of cases that has failed
:                    SET &UC4RB_SLM_NODE# = "<td>numTestFailures:</td>"
:                    INC PCK.AUTOMIC_SELENIUM.PUB.INCLUDE.PARSE_RESULT
:                    SET &UC4RB_SLM_FAILED_CASES# = &UC4RB_SLM_VALUE#
:                    PUBLISH &UC4RB_SLM_FAILED_CASES#,,"WORKFLOW"

:                   TERM_PROCESS
:             ENDIF
:      ENDPROCESS
:      CLOSE_PROCESS &HND#
:ENDIF]]></OSCRI>
</POST_SCRIPT>
<DOCU_Docu state="1" type="text">
<DOC/>
</DOCU_Docu>
</JOBS_WINDOWS>
<PRPT name="PCK.AUTOMIC_SELENIUM.PRV.PROMPTSET.RUN_TEST_SUITE">
<HEADER state="1">
<Title>Run test suite</Title>
<ArchiveKey1/>
<ArchiveKey2/>
<OH_SubType/>
</HEADER>
<PROMPTDESIGNER state="1">
<DESIGNER/>
</PROMPTDESIGNER>
<PROMPTSETXUI state="1">
<XUIEDITOR><![CDATA[<dialog height="424" icon="PRPT" id="PRPTS" left="0" top="0" width="441"><readpanel fill="b" id="PRPTBOX" nl="1" scroll="v" text="Run test suite"><properties><entry name="text">Run test suite</entry><entry name="modifiable">0</entry></properties><text alt="1" enabled="1" fill="b" focus="0" id="UC4RB_SLM_SERVER_FILEs.00" inputassistance="0" len="" multiline="0" multilineIcon="0" nl="1" regex="" required="0" separator=";" showaspassword="0" text="Selenium server path" tooltip="Provide path and file name to the Selenium standalone server. E.g. E:\automic\selenium-server-standalone-2.53.1.jar" upper="0"><oninputassistant><command request="_internal" target="_view" targetaction="setAttribute" targetparam="promptname|@id"/><command request="_internal" target="_view" targetaction="setAttribute" targetparam="promptvalue|@value"/><command owner="_promptsetcontainer" owneraction="getData" request="getpromptinputassistance" target="_chainwindow"/></oninputassistant>
         
      <properties>
        <entry listparam="C,N" name="reference" reftype="STATIC">UC_DATATYPE_STRING</entry>
        <entry name="xmlkey"/>
        <entry name="xmlpath"/>
        <entry name="text">Selenium server path</entry>
        <entry name="multiline">0</entry>
        <entry name="multilineIcon">0</entry>
        <entry name="multiselect">0</entry>
        <entry name="separator">;</entry>
        <entry name="len"/>
        <entry name="quotes"/>
        <entry name="id">UC4RB_SLM_SERVER_FILEs.00</entry>
        <entry name="regex"/>
        <entry name="inputassistance">0</entry>
        <entry name="enabled">0</entry>
        <entry name="required">1</entry>
        <entry name="upper">0</entry>
        <entry name="focus">0</entry>
        <entry name="showaspassword">0</entry>
        <entry name="tooltip">Provide path and file name to the Selenium standalone server. E.g. E:\automic\selenium-server-standalone-2.53.1.jar</entry>
        <entry name="modifiable">1</entry>
        <entry name="customfield"/>
        <entry name="onchangereset"/>
        <entry name="resetable">1</entry>
      <entry name="initvalue"/>
         </properties>
    </text><text alt="1" enabled="1" fill="b" focus="0" id="UC4RB_SLM_SUITE_FILEs.00" inputassistance="0" len="" multiline="0" multilineIcon="0" nl="1" regex="" required="0" separator=";" showaspassword="0" text="Test suite file" tooltip="Name of the suite file with full path. E.g. E:\automic\suite.html" upper="0"><oninputassistant><command request="_internal" target="_view" targetaction="setAttribute" targetparam="promptname|@id"/><command request="_internal" target="_view" targetaction="setAttribute" targetparam="promptvalue|@value"/><command owner="_promptsetcontainer" owneraction="getData" request="getpromptinputassistance" target="_chainwindow"/></oninputassistant>
         
      <properties>
        <entry listparam="C,N" name="reference" reftype="STATIC">UC_DATATYPE_STRING</entry>
        <entry name="xmlkey"/>
        <entry name="xmlpath"/>
        <entry name="text">Test suite file</entry>
        <entry name="multiline">0</entry>
        <entry name="multilineIcon">0</entry>
        <entry name="multiselect">0</entry>
        <entry name="separator">;</entry>
        <entry name="len"/>
        <entry name="quotes"/>
        <entry name="id">UC4RB_SLM_SUITE_FILEs.00</entry>
        <entry name="regex"/>
        <entry name="inputassistance">0</entry>
        <entry name="enabled">0</entry>
        <entry name="required">1</entry>
        <entry name="upper">0</entry>
        <entry name="focus">0</entry>
        <entry name="showaspassword">0</entry>
        <entry name="tooltip">Name of the suite file with full path. E.g. E:\automic\suite.html</entry>
        <entry name="modifiable">1</entry>
        <entry name="customfield"/>
        <entry name="onchangereset"/>
        <entry name="resetable">1</entry>
      <entry name="initvalue"/>
         </properties>
    </text><text alt="1" enabled="1" fill="b" focus="0" id="UC4RB_SLM_RESULT_FILEs.00" inputassistance="0" len="" multiline="0" multilineIcon="0" nl="1" regex="" required="0" separator=";" showaspassword="0" text="Test result file" tooltip="Name of the result file with full path.  E.g. E:\automic\result.html" upper="0"><oninputassistant><command request="_internal" target="_view" targetaction="setAttribute" targetparam="promptname|@id"/><command request="_internal" target="_view" targetaction="setAttribute" targetparam="promptvalue|@value"/><command owner="_promptsetcontainer" owneraction="getData" request="getpromptinputassistance" target="_chainwindow"/></oninputassistant>
         
      <properties>
        <entry listparam="C,N" name="reference" reftype="STATIC">UC_DATATYPE_STRING</entry>
        <entry name="xmlkey"/>
        <entry name="xmlpath"/>
        <entry name="text">Test result file</entry>
        <entry name="multiline">0</entry>
        <entry name="multilineIcon">0</entry>
        <entry name="multiselect">0</entry>
        <entry name="separator">;</entry>
        <entry name="len"/>
        <entry name="quotes"/>
        <entry name="id">UC4RB_SLM_RESULT_FILEs.00</entry>
        <entry name="regex"/>
        <entry name="inputassistance">0</entry>
        <entry name="enabled">0</entry>
        <entry name="required">0</entry>
        <entry name="upper">0</entry>
        <entry name="focus">0</entry>
        <entry name="showaspassword">0</entry>
        <entry name="tooltip">Name of the result file with full path.  E.g. E:\automic\result.html</entry>
        <entry name="modifiable">1</entry>
        <entry name="customfield"/>
        <entry name="onchangereset"/>
        <entry name="resetable">1</entry>
      <entry name="initvalue"/>
         </properties>
    </text><text alt="1" enabled="1" fill="b" focus="0" id="UC4RB_SLM_AUT_URLs.00" inputassistance="0" len="" multiline="0" multilineIcon="0" nl="1" regex="" required="0" separator=";" showaspassword="0" text="Application URL" tooltip="URL to the application under test. E.g. http://www.google.com" upper="0"><oninputassistant><command request="_internal" target="_view" targetaction="setAttribute" targetparam="promptname|@id"/><command request="_internal" target="_view" targetaction="setAttribute" targetparam="promptvalue|@value"/><command owner="_promptsetcontainer" owneraction="getData" request="getpromptinputassistance" target="_chainwindow"/></oninputassistant>
         
      <properties>
        <entry listparam="C,N" name="reference" reftype="STATIC">UC_DATATYPE_STRING</entry>
        <entry name="xmlkey"/>
        <entry name="xmlpath"/>
        <entry name="text">Application URL</entry>
        <entry name="multiline">0</entry>
        <entry name="multilineIcon">0</entry>
        <entry name="multiselect">0</entry>
        <entry name="separator">;</entry>
        <entry name="len"/>
        <entry name="quotes"/>
        <entry name="id">UC4RB_SLM_AUT_URLs.00</entry>
        <entry name="regex"/>
        <entry name="inputassistance">0</entry>
        <entry name="enabled">0</entry>
        <entry name="required">1</entry>
        <entry name="upper">0</entry>
        <entry name="focus">0</entry>
        <entry name="showaspassword">0</entry>
        <entry name="tooltip">URL to the application under test. E.g. http://www.google.com</entry>
        <entry name="modifiable">1</entry>
        <entry name="customfield"/>
        <entry name="onchangereset"/>
        <entry name="resetable">1</entry>
      <entry name="initvalue"/>
         </properties>
    </text><text alt="1" enabled="1" fill="b" focus="0" id="UC4RB_SLM_BROWSERs.00" inputassistance="0" len="" multiline="0" multilineIcon="0" nl="1" regex="" required="0" separator=";" showaspassword="0" text="Browser" tooltip="Name of the browser in which you want to run test suite. It is case-sensitive. E.g. *googlechrome, *iexplore, *safari" upper="0"><oninputassistant><command request="_internal" target="_view" targetaction="setAttribute" targetparam="promptname|@id"/><command request="_internal" target="_view" targetaction="setAttribute" targetparam="promptvalue|@value"/><command owner="_promptsetcontainer" owneraction="getData" request="getpromptinputassistance" target="_chainwindow"/></oninputassistant>
         
      <properties>
        <entry listparam="C,N" name="reference" reftype="STATIC">UC_DATATYPE_STRING</entry>
        <entry name="xmlkey"/>
        <entry name="xmlpath"/>
        <entry name="text">Browser</entry>
        <entry name="multiline">0</entry>
        <entry name="multilineIcon">0</entry>
        <entry name="multiselect">0</entry>
        <entry name="separator">;</entry>
        <entry name="len"/>
        <entry name="quotes"/>
        <entry name="id">UC4RB_SLM_BROWSERs.00</entry>
        <entry name="regex"/>
        <entry name="inputassistance">0</entry>
        <entry name="enabled">0</entry>
        <entry name="required">1</entry>
        <entry name="upper">0</entry>
        <entry name="focus">0</entry>
        <entry name="showaspassword">0</entry>
        <entry name="tooltip">Name of the browser in which you want to run test suite. It is case-sensitive. E.g. *googlechrome, *iexplore, *safari</entry>
        <entry name="modifiable">1</entry>
        <entry name="customfield"/>
        <entry name="onchangereset"/>
        <entry name="resetable">1</entry>
      <entry name="initvalue"/>
         </properties>
    </text><text alt="1" enabled="1" fill="b" focus="0" id="UC4RB_SLM_OPTIONSs.00" inputassistance="0" len="" multiline="0" multilineIcon="0" nl="1" regex="" required="0" separator=";" showaspassword="0" text="Advanced options" tooltip="Provide additional options for this test execution. E.g. -timeout 60 -log &quot;E:\automic\selenium\log.txt&quot;" upper="0"><oninputassistant><command request="_internal" target="_view" targetaction="setAttribute" targetparam="promptname|@id"/><command request="_internal" target="_view" targetaction="setAttribute" targetparam="promptvalue|@value"/><command owner="_promptsetcontainer" owneraction="getData" request="getpromptinputassistance" target="_chainwindow"/></oninputassistant>
         
      <properties>
        <entry listparam="C,N" name="reference" reftype="STATIC">UC_DATATYPE_STRING</entry>
        <entry name="xmlkey"/>
        <entry name="xmlpath"/>
        <entry name="text">Advanced options</entry>
        <entry name="multiline">0</entry>
        <entry name="multilineIcon">0</entry>
        <entry name="multiselect">0</entry>
        <entry name="separator">;</entry>
        <entry name="len"/>
        <entry name="quotes"/>
        <entry name="id">UC4RB_SLM_OPTIONSs.00</entry>
        <entry name="regex"/>
        <entry name="inputassistance">0</entry>
        <entry name="enabled">0</entry>
        <entry name="required">0</entry>
        <entry name="upper">0</entry>
        <entry name="focus">0</entry>
        <entry name="showaspassword">0</entry>
        <entry name="tooltip">Provide additional options for this test execution. E.g. -timeout 60 -log &quot;E:\automic\selenium\log.txt&quot;</entry>
        <entry name="modifiable">1</entry>
        <entry name="customfield"/>
        <entry name="onchangereset"/>
        <entry name="resetable">1</entry>
      <entry name="initvalue"/>
         </properties>
    </text></readpanel></dialog>]]></XUIEDITOR>
</PROMPTSETXUI>
<PROMPTSETDATA state="1">
<DATAEDITOR><![CDATA[<PRPTS ontop="1"><PRPTBOX><UC4RB_SLM_SERVER_FILEs.00 haslist="0" msgnr="-1" msginsert="" altview="0" promptname="UC4RB_SLM_SERVER_FILE#" ReadFromTable="OPSE"></UC4RB_SLM_SERVER_FILEs.00><UC4RB_SLM_SUITE_FILEs.00 haslist="0" msgnr="-1" msginsert="" altview="0" promptname="UC4RB_SLM_SUITE_FILE#" ReadFromTable="OPSE"></UC4RB_SLM_SUITE_FILEs.00><UC4RB_SLM_RESULT_FILEs.00 haslist="0" msgnr="-1" msginsert="" altview="0" promptname="UC4RB_SLM_RESULT_FILE#" ReadFromTable="OPSE"></UC4RB_SLM_RESULT_FILEs.00><UC4RB_SLM_AUT_URLs.00 haslist="0" msgnr="-1" msginsert="" altview="0" promptname="UC4RB_SLM_AUT_URL#" ReadFromTable="OPSE"></UC4RB_SLM_AUT_URLs.00><UC4RB_SLM_BROWSERs.00 haslist="0" msgnr="-1" msginsert="" altview="0" promptname="UC4RB_SLM_BROWSER#" ReadFromTable="OPSE">*firefox</UC4RB_SLM_BROWSERs.00><UC4RB_SLM_OPTIONSs.00 haslist="0" msgnr="-1" msginsert="" altview="0" promptname="UC4RB_SLM_OPTIONS#" ReadFromTable="OPSE"></UC4RB_SLM_OPTIONSs.00></PRPTBOX></PRPTS>]]></DATAEDITOR>
</PROMPTSETDATA>
<DOCU_Docu state="1" type="text">
<DOC/>
</DOCU_Docu>
</PRPT>
<JOBI name="PCK.AUTOMIC_SELENIUM.PUB.INCLUDE.CHANGE_SLASH">
<HEADER state="1">
<Title>change double slash to single slash</Title>
<ArchiveKey1/>
<ArchiveKey2/>
<OH_SubType/>
</HEADER>
<SCRIPT mode="1" state="1">
<MSCRI><![CDATA[: SET &CHECK_SLASH# = 1
: WHILE &CHECK_SLASH# GT 0
:      SET &POS# = STR_FIND(&FILEPATH#,"\\")
:      IF &POS# GT 0
:             SET &FILEPATH# = STR_SUB(&FILEPATH#, "\\", "\")
:      ELSE
:            SET &CHECK_SLASH#=0
:      ENDIF
: ENDWHILE]]></MSCRI>
</SCRIPT>
<DOCU_Docu state="1" type="text">
<DOC/>
</DOCU_Docu>
</JOBI>
<JOBI name="PCK.AUTOMIC_SELENIUM.PUB.INCLUDE.CHECK_CMD_RETCODE">
<HEADER state="1">
<Title>check return code of command in windows</Title>
<ArchiveKey1/>
<ArchiveKey2/>
<OH_SubType/>
</HEADER>
<SCRIPT mode="1" state="1">
<MSCRI><![CDATA[IF %ERROR% NEQ 0 (
: INC PCK.ITPA_SHARED.PRV.INCLUDE.LOGGING.ERROR
set retcode=%ERROR%
goto :retcode
)]]></MSCRI>
</SCRIPT>
<DOCU_Docu state="1" type="text">
<DOC><![CDATA[Verify executed command's return code on windows. ]]></DOC>
</DOCU_Docu>
</JOBI>
<JOBI name="PCK.AUTOMIC_SELENIUM.PUB.INCLUDE.CHECK_DIR_FILE_EXIST">
<HEADER state="1">
<Title>check if the file exist</Title>
<ArchiveKey1/>
<ArchiveKey2/>
<OH_SubType/>
</HEADER>
<SCRIPT mode="1" state="1">
<MSCRI><![CDATA[IF NOT EXIST &UC4RB_FILE_PATH# (
      SET ERROR=1
)

: SET &UC4RB_LOGGING_ERROR# = "Invalid file or directory [&UC4RB_FILE_PATH#]"
: INC PCK.AUTOMIC_SELENIUM.PUB.INCLUDE.CHECK_CMD_RETCODE]]></MSCRI>
</SCRIPT>
<DOCU_Docu state="1" type="text">
<DOC/>
</DOCU_Docu>
</JOBI>
<JOBI name="PCK.AUTOMIC_SELENIUM.PUB.INCLUDE.ESCAPE_ARG_VALUE">
<HEADER state="1">
<Title>Escape argument value</Title>
<ArchiveKey1/>
<ArchiveKey2/>
<OH_SubType/>
</HEADER>
<SCRIPT mode="1" state="1">
<MSCRI><![CDATA[! We escape characters
: SET &UC4RB_ESCAPED_STRING# = STR_TRIM(&UC4RB_ESCAPED_STRING#)
: SET &UC4RB_ESCAPED_STRING# = STR_SUB(&UC4RB_ESCAPED_STRING#, "\", "\\")
: SET &UC4RB_ESCAPED_STRING# = STR_SUB(&UC4RB_ESCAPED_STRING#, "%", "%%")
: SET &UC4RB_ESCAPED_STRING# = STR_SUB(&UC4RB_ESCAPED_STRING#, '"', '""')


! Escape double-quotes then we add double-quotes to String to preserve spaces in value
: SET &UC4RB_ESCAPED_STRING# = STR_CAT('"', &UC4RB_ESCAPED_STRING#)
: SET &UC4RB_ESCAPED_STRING# = STR_CAT(&UC4RB_ESCAPED_STRING#, '"')]]></MSCRI>
</SCRIPT>
<DOCU_Docu state="1" type="text">
<DOC><![CDATA[It escapes the input parameters and wrap the parameter surrounded by quotes("). ]]></DOC>
</DOCU_Docu>
</JOBI>
<JOBI name="PCK.AUTOMIC_SELENIUM.PUB.INCLUDE.PARSE_RESULT">
<HEADER state="1">
<Title>Get the node and its value from html, htm, xhtml</Title>
<ArchiveKey1/>
<ArchiveKey2/>
<OH_SubType/>
</HEADER>
<SCRIPT mode="1" state="1">
<MSCRI><![CDATA[: SET &UC4RB_SLM_VALUE# = ""
! sample content <tr><td>NODE</td><td>VALUE</td></tr>
! Find the position where "<td>NODE</td>" is found
: SET &POS# = STR_FIND(&UC4RB_SLM_CONTENT#,&UC4RB_SLM_NODE#)
: SET &POS# = CONVERT(unsigned,&POS#)
: IF &POS# GT 0
!      get the total length of the "<td>NODE</td>" and set the start position = found position + total length of "<td>NODE</td>" + 4(length of <td>)
:      SET &LENGTH# = STR_LENGTH(&UC4RB_SLM_NODE#)
:      SET &START_POS# = &POS# + &LENGTH# + 4

!      get the substring for the value against the node = VALUE</td></tr>
:      SET &VALUE# = SUBSTR(&UC4RB_SLM_CONTENT#,&START_POS#)
:      SET &VALUE_POS# = STR_FIND(&VALUE#,"</td>")
:      SET &VALUE_POS# = CONVERT(unsigned,&VALUE_POS#)
:      IF &VALUE_POS# GT 0
:            SET &END_POS# = &VALUE_POS# - 1
!            get the value = VALUE
:            SET &UC4RB_SLM_VALUE# = SUBSTR(&VALUE#,1,&END_POS#)
:      ENDIF
: ENDIF]]></MSCRI>
</SCRIPT>
<DOCU_Docu state="1" type="text">
<DOC><![CDATA[This include is used to parse the html/htm/xhtml file and get the value for the given tag.]]></DOC>
</DOCU_Docu>
</JOBI>
<JOBI name="PCK.AUTOMIC_SELENIUM.PUB.INCLUDE.READ_FILE">
<HEADER state="1">
<Title>Read the contents from a file</Title>
<ArchiveKey1/>
<ArchiveKey2/>
<OH_SubType/>
</HEADER>
<SCRIPT mode="1" state="1">
<MSCRI><![CDATA[! Reading xml file and pleace it in one AE variable
:SET &HND1# = PREP_PROCESS_FILE (&AGENT#, "&UC4RB_SLM_FILE_PATH#",,"COL=NONE", 'UC_LOGIN=&LOGIN#')

:SET &UC4RB_SLM_FILE_CONTENT# = ""
:PROCESS &HND1#
:   SET &LINE# = GET_PROCESS_LINE(&HND1#)
:   SET &UC4RB_SLM_FILE_CONTENT# =  STR_CAT(&UC4RB_SLM_FILE_CONTENT#, &LINE#)
:ENDPROCESS
:CLOSE_PROCESS &HND1#]]></MSCRI>
</SCRIPT>
<DOCU_Docu state="1" type="text">
<DOC><![CDATA[This include is used to read the data from the given file.]]></DOC>
</DOCU_Docu>
</JOBI>
</uc-export>